Workbook

Sheet 1
A1: № | B1: Рост(X) | C1: Вес(Y) | D1: Вариационный ряд X | E1: Вариационный ряд Y
A2: 1 | B2: 178 | C2: 73 | D2: {=_xlfn._xlws.SORT(B2:B201)} -> 156 | E2: {=_xlfn._xlws.SORT(C2:C201)} -> 50
A3: 2 | B3: 163 | C3: 63 | D3: 156 | E3: 50
A4: 3 | B4: 170 | C4: 75 | D4: 156 | E4: 51
A5: 4 | B5: 164 | C5: 60 | D5: 156 | E5: 52
A6: 5 | B6: 164 | C6: 56 | D6: 157 | E6: 52
A7: 6 | B7: 168 | C7: 59 | D7: 158 | E7: 53
A8: 7 | B8: 167 | C8: 61 | D8: 158 | E8: 54
A9: 8 | B9: 166 | C9: 62 | D9: 159 | E9: 55
A10: 9 | B10: 162 | C10: 65 | D10: 159 | E10: 55
A11: 10 | B11: 171 | C11: 60 | D11: 160 | E11: 55
A12: 11 | B12: 168 | C12: 62 | D12: 160 | E12: 55
A13: 12 | B13: 173 | C13: 70 | D13: 161 | E13: 55
A14: 13 | B14: 167 | C14: 61 | D14: 161 | E14: 55
... A201: 200 | B201: 167 | C201: 63 | D201: 187 | E201: 84

Sheet 2
A1: Кол-во интервалов (k) | B1: 10
A2: Найдем h для каждой из выборки, используя вариационные ряды
B3: =('1'!D201 - '1'!D2)/$B$1 -> 3.1 | C3: =('1'!E201 - '1'!E2)/$B$1 -> 3.4
B9: i | C9: Рост | G9: i | H9: Вес
B11: 1 | C11: ='1'!D2 -> 156 | D11: =C11 + B3 -> 159.1 | E11: {=FREQUENCY('1'!D2:D201,D11:D19)} -> 9 | G11: 1 | H11: ='1'!E2 -> 50 | I11: =H11 + $C$3 -> 53.4 | J11: =COUNTIFS('1'!$C$2:$C$201,">="&H11,'1'!$C$2:$C$201,"<"&I11) -> 6
B12: 2 | C12: =D11 -> 159.1 | D12: =C12 + $B$3 -> 162.2 | E12: 11 | G12: 2 | H12: =I11 -> 53.4 | I12: =H12 + $C$3 -> 56.8 | J12: =COUNTIFS('1'!$C$2:$C$201,">="&H12,'1'!$C$2:$C$201,"<"&I12) -> 9
B13: 3 | C13: =D12 -> 162.2 | D13: =C13 + $B$3 -> 165.3 | E13: 28 | G13: 3 | H13: =I12 -> 56.8 | I13: =H13 + $C$3 -> 60.2 | J13: =COUNTIFS('1'!$C$2:$C$201,">="&H13,'1'!$C$2:$C$201,"<"&I13) -> 27
B14: 4 | C14: =D13 -> 165.3 | D14: =C14 + $B$3 -> 168.4 | E14: 35 | G14: 4 | H14: =I13 -> 60.2 | I14: =H14 + $C$3 -> 63.6 | J14: =COUNTIFS('1'!$C$2:$C$201,">="&H14,'1'!$C$2:$C$201,"<"&I14) -> 40
B15: 5 | C15: =D14 -> 168.4 | D15: =C15 + $B$3 -> 171.5 | E15: 54 | G15: 5 | H15: =I14 -> 63.6 | I15: =H15 + $C$3 -> 67 | J15: =COUNTIFS('1'!$C$2:$C$201,">="&H15,'1'!$C$2:$C$201,"<"&I15) -> 36
B16: 6 | C16: =D15 -> 171.5 | D16: =C16 + $B$3 -> 174.6 | E16: 37 | G16: 6 | H16: =I15 -> 67 | I16: =H16 + $C$3 -> 70.4 | J16: =COUNTIFS('1'!$C$2:$C$201,">="&H16,'1'!$C$2:$C$201,"<"&I16) -> 45
B17: 7 | C17: =D16 -> 174.6 | D17: =C17 + $B$3 -> 177.7 | E17: 12 | G17: 7 | H17: =I16 -> 70.4 | I17: =H17 + $C$3 -> 73.8 | J17: =COUNTIFS('1'!$C$2:$C$201,">="&H17,'1'!$C$2:$C$201,"<"&I17) -> 12
B18: 8 | C18: =D17 -> 177.7 | D18: =C18 + $B$3 -> 180.8 | E18: 10 | G18: 8 | H18: =I17 -> 73.8 | I18: =H18 + $C$3 -> 77.2 | J18: =COUNTIFS('1'!$C$2:$C$201,">="&H18,'1'!$C$2:$C$201,"<"&I18) -> 15
B19: 9 | C19: =D18 -> 180.8 | D19: =C19 + $B$3 -> 183.9 | E19: 1 | G19: 9 | H19: =I18 -> 77.2 | I19: =H19 + $C$3 -> 80.6 | J19: =COUNTIFS('1'!$C$2:$C$201,">="&H19,'1'!$C$2:$C$201,"<"&I19) -> 6
B20: 10 | C20: =D19 -> 183.9 | D20: =C20 + $B$3 -> 187 | E20: 3 | G20: 10 | H20: =I19 -> 80.6 | I20: =H20 + $C$3 -> 84 | J20: =COUNTIFS('1'!$C$2:$C$201,">="&H20,'1'!$C$2:$C$201,"<="&I20) -> 4

Sheet 3
A1: Посчитаем частоты, относительные частоты и середины интервалов, а также выборочную функцию распределения
A4: i | B4: Рост
A6: 1 | B6: ='2'!E11 -> 9 | C6: =B6/$B$16 -> 0.045 | D6: =AVERAGE('2'!C11:D11) -> 157.55 | E6: =C6 -> 0.045
A7: 2 | B7: ='2'!E12 -> 11 | C7: =B7/$B$16 -> 0.055 | D7: =AVERAGE('2'!C12:D12) -> 160.65 | E7: =E6 + C7 -> 0.1
A8: 3 | B8: ='2'!E13 -> 28 | C8: =B8/$B$16 -> 0.14 | D8: =AVERAGE('2'!C13:D13) -> 163.75 | E8: =E7 + C8 -> 0.24
A9: 4 | B9: ='2'!E14 -> 35 | C9: =B9/$B$16 -> 0.175 | D9: =AVERAGE('2'!C14:D14) -> 166.85 | E9: =E8 + C9 -> 0.415
A10: 5 | B10: ='2'!E15 -> 54 | C10: =B10/$B$16 -> 0.27 | D10: =AVERAGE('2'!C15:D15) -> 169.95 | E10: =E9 + C10 -> 0.685
A11: 6 | B11: ='2'!E16 -> 37 | C11: =B11/$B$16 -> 0.185 | D11: =AVERAGE('2'!C16:D16) -> 173.05 | E11: =E10 + C11 -> 0.87
A12: 7 | B12: ='2'!E17 -> 12 | C12: =B12/$B$16 -> 0.06 | D12: =AVERAGE('2'!C17:D17) -> 176.15 | E12: =E11 + C12 -> 0.93
A13: 8 | B13: ='2'!E18 -> 10 | C13: =B13/$B$16 -> 0.05 | D13: =AVERAGE('2'!C18:D18) -> 179.25 | E13: =E12 + C13 -> 0.98
A14: 9 | B14: ='2'!E19 -> 1 | C14: =B14/$B$16 -> 0.005 | D14: =AVERAGE('2'!C19:D19) -> 182.35 | E14: =E13 + C14 -> 0.985
A15: 10 | B15: ='2'!E20 -> 3 | C15: =B15/$B$16 -> 0.015 | D15: =AVERAGE('2'!C20:D20) -> 185.45 | E15: =E14 + C15 -> 1
B16: =SUM(B6:B15) -> 200 | C16: =SUM(C6:C15) -> 1

Sheet 4
B1: - выборочное среднее, - частота
B2: - выборочная дисперсия
B3: - исправленная выборочная дисперсия
B4: - исправленное выборочное среднее квадратичное отклонение
C7: i | D7: Рост | J7: i | K7: Вес
C9: 1 | D9: ='3'!B6 -> 9 | E9: ='3'!D6 -> 157.55 | F9: =PRODUCT(D9,E9) -> 1417.95 | G9: =PRODUCT(F9,E9) -> 223398.02 | J9: 1 | K9: ='2'!J11 -> 6 | L9: =AVERAGE('2'!H11,'2'!I11) -> 51.7 | M9: =PRODUCT(K9,L9) -> 310.2 | N9: =PRODUCT(L9,M9) -> 16037.34
C10: 2 | D10: ='3'!B7 -> 11 | E10: ='3'!D7 -> 160.65 | F10: =PRODUCT(D10,E10) -> 1767.15 | G10: =PRODUCT(F10,E10) -> 283892.65 | J10: 2 | K10: ='2'!J12 -> 9 | L10: =AVERAGE('2'!H12,'2'!I12) -> 55.1 | M10: =PRODUCT(K10,L10) -> 495.9 | N10: =PRODUCT(L10,M10) -> 27324.09
C11: 3 | D11: ='3'!B8 -> 28 | E11: ='3'!D8 -> 163.75 | F11: =PRODUCT(D11,E11) -> 4585 | G11: =PRODUCT(F11,E11) -> 750793.75 | J11: 3 | K11: ='2'!J13 -> 27 | L11: =AVERAGE('2'!H13,'2'!I13) -> 58.5 | M11: =PRODUCT(K11,L11) -> 1579.5 | N11: =PRODUCT(L11,M11) -> 92400.75
C12: 4 | D12: ='3'!B9 -> 35 | E12: ='3'!D9 -> 166.85 | F12: =PRODUCT(D12,E12) -> 5839.75 | G12: =PRODUCT(F12,E12) -> 974362.29 | J12: 4 | K12: ='2'!J14 -> 40 | L12: =AVERAGE('2'!H14,'2'!I14) -> 61.9 | M12: =PRODUCT(K12,L12) -> 2476 | N12: =PRODUCT(L12,M12) -> 153264.4
C13: 5 | D13: ='3'!B10 -> 54 | E13: ='3'!D10 -> 169.95 | F13: =PRODUCT(D13,E13) -> 9177.3 | G13: =PRODUCT(F13,E13) -> 1559682.1 | J13: 5 | K13: ='2'!J15 -> 36 | L13: =AVERAGE('2'!H15,'2'!I15) -> 65.3 | M13: =PRODUCT(K13,L13) -> 2350.8 | N13: =PRODUCT(L13,M13) -> 153507.24
C14: 6 | D14: ='3'!B11 -> 37 | E14: ='3'!D11 -> 173.05 | F14: =PRODUCT(D14,E14) -> 6402.85 | G14: =PRODUCT(F14,E14) -> 1108013.2 | J14: 6 | K14: ='2'!J16 -> 45 | L14: =AVERAGE('2'!H16,'2'!I16) -> 68.7 | M14: =PRODUCT(K14,L14) -> 3091.5 | N14: =PRODUCT(L14,M14) -> 212386.05
C15: 7 | D15: ='3'!B12 -> 12 | E15: ='3'!D12 -> 176.15 | F15: =PRODUCT(D15,E15) -> 2113.8 | G15: =PRODUCT(F15,E15) -> 372345.87 | J15: 7 | K15: ='2'!J17 -> 12 | L15: =AVERAGE('2'!H17,'2'!I17) -> 72.1 | M15: =PRODUCT(K15,L15) -> 865.2 | N15: =PRODUCT(L15,M15) -> 62380.92
C16: 8 | D16: ='3'!B13 -> 10 | E16: ='3'!D13 -> 179.25 | F16: =PRODUCT(D16,E16) -> 1792.5 | G16: =PRODUCT(F16,E16) -> 321305.62 | J16: 8 | K16: ='2'!J18 -> 15 | L16: =AVERAGE('2'!H18,'2'!I18) -> 75.5 | M16: =PRODUCT(K16,L16) -> 1132.5 | N16: =PRODUCT(L16,M16) -> 85503.75
C17: 9 | D17: ='3'!B14 -> 1 | E17: ='3'!D14 -> 182.35 | F17: =PRODUCT(D17,E17) -> 182.35 | G17: =PRODUCT(F17,E17) -> 33251.522 | J17: 9 | K17: ='2'!J19 -> 6 | L17: =AVERAGE('2'!H19,'2'!I19) -> 78.9 | M17: =PRODUCT(K17,L17) -> 473.4 | N17: =PRODUCT(L17,M17) -> 37351.26
C18: 10 | D18: ='3'!B15 -> 3 | E18: ='3'!D15 -> 185.45 | F18: =PRODUCT(D18,E18) -> 556.35 | G18: =PRODUCT(F18,E18) -> 103175.11 | J18: 10 | K18: ='2'!J20 -> 4 | L18: =AVERAGE('2'!H20,'2'!I20) -> 82.3 | M18: =PRODUCT(K18,L18) -> 329.2 | N18: =PRODUCT(L18,M18) -> 27093.16
D19: =SUM(D9:D18) -> 200 | F19: =SUM(F9:F18) -> 33835 | G19: =SUM(G9:G18) -> 5730220.2 | K19: =SUM(K9:K18) -> 200 | M19: =SUM(M9:M18) -> 13104.2 | N19: =SUM(N9:N18) -> 867248.96
F20: =F19/D19 -> 169.175 | G20: =G19/D19 -> 28651.101 | M20: =M19/K19 -> 65.521 | N20: =N19/K19 -> 4336.2448
D21: =$F$20 -> 169.175 | K21: =$M$20 -> 65.521
D22: =$G$20-PRODUCT(F20,F20) -> 30.920175 | K22: =N20-PRODUCT(M20,M20) -> 43.243359
D23: =PRODUCT(D19/(D19 - 1),D22) -> 31.075553 | K23: =PRODUCT(K19/(K19-1),K22) -> 43.460662
D24: =SQRT(D23) -> 5.5745451 | K24: =SQRT(K23) -> 6.5924701
D25: =E13 -> 169.95 | K25: =L14 -> 68.7

Sheet 5
A1: Точные оценки
A2: Рост | C2: Вес
B3: =AVERAGE('1'!B2:B201) -> 169.285 | D3: =AVERAGE('1'!C2:C201) -> 65.5
B4: =_xlfn.VAR.P('1'!B2:B201) -> 30.673775 | D4: =_xlfn.VAR.P('1'!C2:C201) -> 42.23
B5: =_xlfn.VAR.S('1'!B2:B201) -> 30.827915 | D5: =_xlfn.VAR.S('1'!C2:C201) -> 42.442211
B6: =_xlfn.STDEV.S('1'!B2:B201) -> 5.5522891 | D6: =_xlfn.STDEV.S('1'!C2:C201) -> 6.5147687
B7: =MEDIAN('1'!B2:B201) -> 170 | D7: =MEDIAN('1'!C2:C201) -> 65

Sheet 6
A1: Дано или вычислено | H1: i
A2: 200 | B2: Объем выборки | H2: 1 | I2: ='4'!D9 -> 9 | J2: ='4'!E9 -> 157.55 | K2: =J2-$A$4 -> -12.45 | L2: =K2^2 -> 155.0025 | M2: =L2*I2 -> 1395.0225
A3: 36 | B3: Дано для пункта А | H3: 2 | I3: ='4'!D10 -> 11 | J3: ='4'!E10 -> 160.65 | K3: =J3-$A$4 -> -9.35 | L3: =K3^2 -> 87.4225 | M3: =L3*I3 -> 961.6475
A4: 170 | B4: Дано для пункта Г | H4: 3 | I4: ='4'!D11 -> 28 | J4: ='4'!E11 -> 163.75 | K4: =J4-$A$4 -> -6.25 | L4: =K4^2 -> 39.0625 | M4: =L4*I4 -> 1093.75
A5: 0.95 | B5: Надежность | H5: 4 | I5: ='4'!D12 -> 35 | J5: ='4'!E12 -> 166.85 | K5: =J5-$A$4 -> -3.15 | L5: =K5^2 -> 9.9225 | M5: =L5*I5 -> 347.2875
A6: ='4'!D21 -> 169.175 | B6: Выборочное среднее по интеравльному вариационному ряду | H6: 5 | I6: ='4'!D13 -> 54 | J6: ='4'!E13 -> 169.95 | K6: =J6-$A$4 -> -0.05 | L6: =K6^2 -> 0.0025 | M6: =L6*I6 -> 0.135
A7: ='4'!D23 -> 31.075553 | B7: Исправленная дисперсия | H7: 6 | I7: ='4'!D14 -> 37 | J7: ='4'!E14 -> 173.05 | K7: =J7-$A$4 -> 3.05 | L7: =K7^2 -> 9.3025 | M7: =L7*I7 -> 344.1925
H8: 7 | I8: ='4'!D15 -> 12 | J8: ='4'!E15 -> 176.15 | K8: =J8-$A$4 -> 6.15 | L8: =K8^2 -> 37.8225 | M8: =L8*I8 -> 453.87
H9: 8 | I9: ='4'!D16 -> 10 | J9: ='4'!E16 -> 179.25 | K9: =J9-$A$4 -> 9.25 | L9: =K9^2 -> 85.5625 | M9: =L9*I9 -> 855.625
D10: а) | H10: 9 | I10: ='4'!D17 -> 1 | J10: ='4'!E17 -> 182.35 | K10: =J10-$A$4 -> 12.35 | L10: =K10^2 -> 152.5225 | M10: =L10*I10 -> 152.5225
D11: Формула | H11: 10 | I11: ='4'!D18 -> 3 | J11: ='4'!E18 -> 185.45 | K11: =J11-$A$4 -> 15.45 | L11: =K11^2 -> 238.7025 | M11: =L11*I11 -> 716.1075
D12: Квартиль | E12: =_xlfn.NORM.S.INV(($A$5 + 1)/2) -> 1.959964 | M12: =SUM(M2:M11) -> 6320.16
D13: Доверительный интервал (не включительно) | E13: =$A$6-($E$12*(SQRT($A$3)/(SQRT($A2)))) -> 168.34346 | F13: =$A$4+($E$12*(SQRT($A$3)/(SQRT($A2)))) -> 170.83154
D16: б)
D17: Формула
D18: Квартиль | E18: =_xlfn.T.INV.2T(1-$A$5,$A$2-1) -> 1.9719565
D19: Доверительный интервал (не включительно): | E19: =$A$6-($E$18*($A$7/(SQRT($A2)))) -> 164.84188 | F19: =$A$6+($E$18*($A$7/(SQRT($A2)))) -> 173.50812
D22: в)
D23: Формула
E24: =_xlfn.CHISQ.INV((1-$A$5)/2,$A$2-1) -> 161.82618
E25: =_xlfn.CHISQ.INV((1+$A$5)/2,$A$2-1) -> 239.95968
D26: Доверительный интервал (не включительно): | E26: =(((A2 - 1)*A7) / E25) -> 25.771142 | F26: =(((A2 - 1)*A7) / E24) -> 38.214057
D29: г)
D30: Формула
E31: =_xlfn.CHISQ.INV((1-$A$5)/2,$A$2) -> 162.72798
E32: =_xlfn.CHISQ.INV((1+$A$5)/2,$A$2) -> 241.0579
D33: Доверительный интервал (не включительно): | E33: =M12/E32 -> 26.218432 | F33: =M12/E31 -> 38.838803

Sheet 7
A1: Дано или вычислено | E1: i | F1: Рост
A2: 200 | B2: Объем выборки
A3: 0.05 | B3: Значимость | E3: 1 | F3: ='1'!D2 -> 156 | G3: =F3 + '2'!$B$3 -> 159.1 | H3: ='2'!E11 -> 9
A4: ='4'!D21 -> 169.175 | B4: Выборочное среднее по интеравльному вариационному ряду | E4: 2 | F4: =G3 -> 159.1 | G4: =F4 + '2'!$B$3 -> 162.2 | H4: ='2'!E12 -> 11
A5: ='4'!D24 -> 5.5745451 | B5: Исправленное выборочное среднее квадратичное отклонение | E5: 3 | F5: =G4 -> 162.2 | G5: =F5 + '2'!$B$3 -> 165.3 | H5: ='2'!E13 -> 28
E6: 4 | F6: =G5 -> 165.3 | G6: =F6 + '2'!$B$3 -> 168.4 | H6: ='2'!E14 -> 35
E7: 5 | F7: =G6 -> 168.4 | G7: =F7 + '2'!$B$3 -> 171.5 | H7: ='2'!E15 -> 54
E8: 6 | F8: =G7 -> 171.5 | G8: =F8 + '2'!$B$3 -> 174.6 | H8: ='2'!E16 -> 37
E9: 7 | F9: =G8 -> 174.6 | G9: =F9 + '2'!$B$3 -> 177.7 | H9: ='2'!E17 -> 12
E10: 8 | F10: =G9 -> 177.7 | G10: =F10 + '2'!$B$3 -> 180.8 | H10: ='2'!E18 -> 10
E11: 9 | F11: =G10 -> 180.8 | G11: =F11 + '2'!$B$3 -> 183.9 | H11: ='2'!E19 -> 1
E12: 10 | F12: =G11 -> 183.9 | G12: =F12 + '2'!$B$3 -> 187 | H12: ='2'!E20 -> 3
A16: Сливаем интервалы 1 и 2, а также 8,9,10
A18: i | B18: Рост
A20: 1 | C20: =G4 -> 162.2 | D20: =H3+H4 -> 20 | E20: 0 | F20: =E21-E20 -> 0.10542653 | G20: =$A$2*F20 -> 21.085306 | H20: =D20-G20 -> -1.0853064 | I20: =H20*H20/G20 -> 0.055863074
A21: 2 | B21: =F5 -> 162.2 | C21: =G5 -> 165.3 | D21: =H5 -> 28 | E21: =_xlfn.NORM.S.DIST((B21-$A$4)/$A$5,1) -> 0.10542653 | F21: =E22-E21 -> 0.13806227 | G21: =$A$2*F21 -> 27.612454 | H21: =D21-G21 -> 0.38754611 | I21: =H21*H21/G21 -> 0.0054392844
A22: 3 | B22: =F6 -> 165.3 | C22: =G6 -> 168.4 | D22: =H6 -> 35 | E22: =_xlfn.NORM.S.DIST((B22-$A$4)/$A$5,1) -> 0.2434888 | F22: =E23-E22 -> 0.20122648 | G22: =$A$2*F22 -> 40.245295 | H22: =D22-G22 -> -5.2452951 | I22: =H22*H22/G22 -> 0.6836357
A23: 4 | B23: =F7 -> 168.4 | C23: =G7 -> 171.5 | D23: =H7 -> 54 | E23: =_xlfn.NORM.S.DIST((B23-$A$4)/$A$5,1) -> 0.44471528 | F23: =E24-E23 -> 0.21697273 | G23: =$A$2*F23 -> 43.394545 | H23: =D23-G23 -> 10.605455 | I23: =H23*H23/G23 -> 2.5919311
A24: 5 | B24: =F8 -> 171.5 | C24: =G8 -> 174.6 | D24: =H8 -> 37 | E24: =_xlfn.NORM.S.DIST((B24-$A$4)/$A$5,1) -> 0.661688 | F24: =E25-E24 -> 0.17307848 | G24: =$A$2*F24 -> 34.615696 | H24: =D24-G24 -> 2.3843043 | I24: =H24*H24/G24 -> 0.16422918
A25: 6 | B25: =F9 -> 174.6 | C25: =G9 -> 177.7 | D25: =H9 -> 12 | E25: =_xlfn.NORM.S.DIST((B25-$A$4)/$A$5,1) -> 0.83476648 | F25: =E26-E25 -> 0.1021351 | G25: =$A$2*F25 -> 20.42702 | H25: =D25-G25 -> -8.4270202 | I25: =H25*H25/G25 -> 3.4765065
A26: 7 | B26: =F10 -> 177.7 | D26: =H10+H11+H12 -> 14 | E26: =_xlfn.NORM.S.DIST((B26-$A$4)/$A$5,1) -> 0.93690158 | F26: =1-E26 -> 0.063098418 | G26: =$A$2*F26 -> 12.619684 | H26: =D26-G26 -> 1.3803164 | I26: =H26*H26/G26 -> 0.15097631
D27: =SUM(D20:D26) -> 200 | F27: =SUM(F20:F26) -> 1
B28: =SUM(I20:I26) -> 7.1285812
B29: =_xlfn.CHISQ.INV.RT(A3,A26-3) -> 9.487729
A31: Гипотеза о нормальном распределении роста принимается, так как

Sheet 8
A1: X1 | B1: X2 | D1: Дано или вычислено
A2: ='1'!B2 -> 178 | B2: ='1'!B102 -> 168 | E2: =AVERAGE(A2:A102) -> 169.78
A3: ='1'!B3 -> 163 | B3: ='1'!B103 -> 157 | E3: =AVERAGE(B2:B102) -> 168.79
A4: ='1'!B4 -> 170 | B4: ='1'!B104 -> 164 | E4: =_xlfn.VAR.S(A2:A102) -> 36.233939
A5: ='1'!B5 -> 164 | B5: ='1'!B105 -> 170 | E5: =_xlfn.VAR.S(B2:B102) -> 25.238283
A6: ='1'!B6 -> 164 | B6: ='1'!B106 -> 171 | D6: 𝛾 | E6: 0.05
A7: ='1'!B7 -> 168 | B7: ='1'!B107 -> 160 | D7: 𝑛 | E7: 200
A8: ='1'!B8 -> 167 | B8: ='1'!B108 -> 162
A9: ='1'!B9 -> 166 | B9: ='1'!B109 -> 163
A10: ='1'!B10 -> 162 | B10: ='1'!B110 -> 171 | D10: Критерий Фишера
A11: ='1'!B11 -> 171 | B11: ='1'!B111 -> 161 | D11: ᛕ | E11: =E5/E4 -> 0.69653709
A12: ='1'!B12 -> 168 | B12: ='1'!B112 -> 173 | E12: =_xlfn.F.INV.RT(0.05, 99,99) -> 1.3940613 | F12: |K| < --> принимается (о равенстве дисперсий)
A13: ='1'!B13 -> 173 | B13: ='1'!B113 -> 175
A14: ='1'!B14 -> 167 | B14: ='1'!B114 -> 164
A15: ='1'!B15 -> 170 | B15: ='1'!B115 -> 174 | D15: Критерий Стьдента
A16: ='1'!B16 -> 171 | B16: ='1'!B116 -> 167 | D16: K | E16: =SQRT((E7/2)*(E7/2)/((E7/2)+(E7/2)))*(E2 - E3)/SQRT((((E7/2)-1)*E4+((E7/2)-1)*E5)/((E7/2)+(E7/2)-2)) -> 1.2626871
A17: ='1'!B17 -> 173 | B17: ='1'!B117 -> 176 | E17: =_xlfn.T.INV.2T(0.05, 198) -> 1.9720175
A18: ='1'!B18 -> 187 | B18: ='1'!B118 -> 163
A19: ='1'!B19 -> 166 | B19: ='1'!B119 -> 156
A20: ='1'!B20 -> 170 | B20: ='1'!B120 -> 179 | D20: Гипотеза об однородности принимается, так как |K| <
A21: ='1'!B21 -> 178 | B21: ='1'!B121 -> 179
A22: ='1'!B22 -> 173 | B22: ='1'!B122 -> 176
A23: ='1'!B23 -> 179 | B23: ='1'!B123 -> 163
A24: ='1'!B24 -> 171 | B24: ='1'!B124 -> 175
A25: ='1'!B25 -> 174 | B25: ='1'!B125 -> 156
A26: ='1'!B26 -> 164 | B26: ='1'!B126 -> 177
A27: ='1'!B27 -> 173 | B27: ='1'!B127 -> 166
A28: ='1'!B28 -> 168 | B28: ='1'!B128 -> 173
A29: ='1'!B29 -> 166 | B29: ='1'!B129 -> 169
A30: ='1'!B30 -> 177 | B30: ='1'!B130 -> 172
A31: ='1'!B31 -> 170 | B31: ='1'!B131 -> 165
A32: ='1'!B32 -> 167 | B32: ='1'!B132 -> 164
... A101: ='1'!B101 -> 172 | B101: ='1'!B201 -> 167

Sheet 9

Sheet 10
A1: Интервальная корреляционная таблица
D2: {=TRANSPOSE('2'!H11:I19)} -> 50 | E2: 53.4 | F2: 56.8 | G2: 60.2 | H2: 63.6 | I2: 67 | J2: 70.4 | K2: 73.8 | L2: 77.2 | M2: ='2'!H20 -> 80.6
D3: 53.4 | E3: 56.8 | F3: 60.2 | G3: 63.6 | H3: 67 | I3: 70.4 | J3: 73.8 | K3: 77.2 | L3: 80.6 | M3: ='2'!I20+0.000000001 -> 84
A5: ='2'!C11 -> 156 | B5: ='2'!D11 -> 159.1 | D5: {=COUNTIFS('1'!$B$2:$B$201,">="&$A5:$A14,'1'!$B$2:$B$201,"<"&$B5:$B14,'1'!$C$2:$C$201,">="&D$2:M$2,'1'!$C$2:$C$201,"<"&D$3:M$3)} -> 2 | E5: 1 | F5: 5 | G5: 1 | H5: 0 | I5: 0 | J5: 0 | K5: 0 | L5: 0 | M5: 0 | N5: =SUM(D5:M5) -> 9
A6: ='2'!C12 -> 159.1 | B6: ='2'!D12 -> 162.2 | D6: 2 | E6: 4 | F6: 2 | G6: 2 | H6: 1 | I6: 0 | J6: 0 | K6: 0 | L6: 0 | M6: 0 | N6: =SUM(D6:M6) -> 11
A7: ='2'!C13 -> 162.2 | B7: ='2'!D13 -> 165.3 | D7: 0 | E7: 2 | F7: 7 | G7: 10 | H7: 6 | I7: 3 | J7: 0 | K7: 0 | L7: 0 | M7: 0 | N7: =SUM(D7:M7) -> 28
A8: ='2'!C14 -> 165.3 | B8: ='2'!D14 -> 168.4 | D8: 2 | E8: 2 | F8: 6 | G8: 12 | H8: 4 | I8: 6 | J8: 1 | K8: 0 | L8: 2 | M8: 0 | N8: =SUM(D8:M8) -> 35
A9: ='2'!C15 -> 168.4 | B9: ='2'!D15 -> 171.5 | D9: 0 | E9: 0 | F9: 5 | G9: 12 | H9: 15 | I9: 15 | J9: 3 | K9: 4 | L9: 0 | M9: 0 | N9: =SUM(D9:M9) -> 54
A10: ='2'!C16 -> 171.5 | B10: ='2'!D16 -> 174.6 | D10: 0 | E10: 0 | F10: 0 | G10: 2 | H10: 9 | I10: 16 | J10: 1 | K10: 8 | L10: 1 | M10: 0 | N10: =SUM(D10:M10) -> 37
A11: ='2'!C17 -> 174.6 | B11: ='2'!D17 -> 177.7 | D11: 0 | E11: 0 | F11: 1 | G11: 0 | H11: 0 | I11: 3 | J11: 3 | K11: 1 | L11: 2 | M11: 2 | N11: =SUM(D11:M11) -> 12
A12: ='2'!C18 -> 177.7 | B12: ='2'!D18 -> 180.8 | D12: 0 | E12: 0 | F12: 1 | G12: 1 | H12: 0 | I12: 2 | J12: 3 | K12: 2 | L12: 1 | M12: 0 | N12: =SUM(D12:M12) -> 10
A13: ='2'!C19 -> 180.8 | B13: ='2'!D19 -> 183.9 | D13: 0 | E13: 0 | F13: 0 | G13: 0 | H13: 1 | I13: 0 | J13: 0 | K13: 0 | L13: 0 | M13: 0 | N13: =SUM(D13:M13) -> 1
A14: ='2'!C20 -> 183.9 | B14: ='2'!D20+0.000000001 -> 187 | D14: 0 | E14: 0 | F14: 0 | G14: 0 | H14: 0 | I14: 0 | J14: 1 | K14: 0 | L14: 0 | M14: 2 | N14: =SUM(D14:M14) -> 3
D15: =SUM(D5:D14) -> 6 | E15: =SUM(E5:E14) -> 9 | F15: =SUM(F5:F14) -> 27 | G15: =SUM(G5:G14) -> 40 | H15: =SUM(H5:H14) -> 36 | I15: =SUM(I5:I14) -> 45 | J15: =SUM(J5:J14) -> 12 | K15: =SUM(K5:K14) -> 15 | ... M15: =SUM(M5:M14) -> 4 | N15: =SUM(D15:M15) -> 200
A18: Частоты идут вдоль диагонали, можно предположить прямую коррекцию
A23: Корреляционная таблица
D25: {=TRANSPOSE('4'!L9:L18)} -> 51.7 | E25: 55.1 | F25: 58.5 | G25: 61.9 | H25: 65.3 | I25: 68.7 | J25: 72.1 | K25: 75.5 | L25: 78.9 | M25: 82.3
A27: ='4'!E9 -> 157.55 | D27: =D5 -> 2 | E27: =E5 -> 1 | F27: =F5 -> 5 | G27: =G5 -> 1 | H27: =H5 -> 0 | I27: =I5 -> 0 | J27: =J5 -> 0 | K27: =K5 -> 0 | ... M27: =M5 -> 0 | N27: =SUM(D27:M27) -> 9 | O27: =SUMPRODUCT(_xlfn.ANCHORARRAY($D$25),D27:M27)/N27 -> 56.988889
A28: ='4'!E10 -> 160.65 | D28: =D6 -> 2 | E28: =E6 -> 4 | F28: =F6 -> 2 | G28: =G6 -> 2 | H28: =H6 -> 1 | I28: =I6 -> 0 | J28: =J6 -> 0 | K28: =K6 -> 0 | ... M28: =M6 -> 0 | N28: =SUM(D28:M28) -> 11 | O28: =SUMPRODUCT(_xlfn.ANCHORARRAY($D$25),D28:M28)/N28 -> 57.263636
A29: ='4'!E11 -> 163.75 | D29: =D7 -> 0 | E29: =E7 -> 2 | F29: =F7 -> 7 | G29: =G7 -> 10 | H29: =H7 -> 6 | I29: =I7 -> 3 | J29: =J7 -> 0 | K29: =K7 -> 0 | ... M29: =M7 -> 0 | N29: =SUM(D29:M29) -> 28 | O29: =SUMPRODUCT(_xlfn.ANCHORARRAY($D$25),D29:M29)/N29 -> 62.021429
A30: ='4'!E12 -> 166.85 | D30: =D8 -> 2 | E30: =E8 -> 2 | F30: =F8 -> 6 | G30: =G8 -> 12 | H30: =H8 -> 4 | I30: =I8 -> 6 | J30: =J8 -> 1 | K30: =K8 -> 0 | ... M30: =M8 -> 0 | N30: =SUM(D30:M30) -> 35 | O30: =SUMPRODUCT(_xlfn.ANCHORARRAY($D$25),D30:M30)/N30 -> 63.162857
A31: ='4'!E13 -> 169.95 | D31: =D9 -> 0 | E31: =E9 -> 0 | F31: =F9 -> 5 | G31: =G9 -> 12 | H31: =H9 -> 15 | I31: =I9 -> 15 | J31: =J9 -> 3 | K31: =K9 -> 4 | ... M31: =M9 -> 0 | N31: =SUM(D31:M31) -> 54 | O31: =SUMPRODUCT(_xlfn.ANCHORARRAY($D$25),D31:M31)/N31 -> 65.992593
A32: ='4'!E14 -> 173.05 | D32: =D10 -> 0 | E32: =E10 -> 0 | F32: =F10 -> 0 | G32: =G10 -> 2 | H32: =H10 -> 9 | I32: =I10 -> 16 | J32: =J10 -> 1 | K32: =K10 -> 8 | ... M32: =M10 -> 0 | N32: =SUM(D32:M32) -> 37 | O32: =SUMPRODUCT(_xlfn.ANCHORARRAY($D$25),D32:M32)/N32 -> 69.343243
A33: ='4'!E15 -> 176.15 | D33: =D11 -> 0 | E33: =E11 -> 0 | F33: =F11 -> 1 | G33: =G11 -> 0 | H33: =H11 -> 0 | I33: =I11 -> 3 | J33: =J11 -> 3 | K33: =K11 -> 1 | ... M33: =M11 -> 2 | N33: =SUM(D33:M33) -> 12 | O33: =SUMPRODUCT(_xlfn.ANCHORARRAY($D$25),D33:M33)/N33 -> 73.233333
A34: ='4'!E16 -> 179.25 | D34: =D12 -> 0 | E34: =E12 -> 0 | F34: =F12 -> 1 | G34: =G12 -> 1 | H34: =H12 -> 0 | I34: =I12 -> 2 | J34: =J12 -> 3 | K34: =K12 -> 2 | ... M34: =M12 -> 0 | N34: =SUM(D34:M34) -> 10 | O34: =SUMPRODUCT(_xlfn.ANCHORARRAY($D$25),D34:M34)/N34 -> 70.4
A35: ='4'!E17 -> 182.35 | D35: =D13 -> 0 | E35: =E13 -> 0 | F35: =F13 -> 0 | G35: =G13 -> 0 | H35: =H13 -> 1 | I35: =I13 -> 0 | J35: =J13 -> 0 | K35: =K13 -> 0 | ... M35: =M13 -> 0 | N35: =SUM(D35:M35) -> 1 | O35: =SUMPRODUCT(_xlfn.ANCHORARRAY($D$25),D35:M35)/N35 -> 65.3
A36: ='4'!E18 -> 185.45 | D36: =D14 -> 0 | E36: =E14 -> 0 | F36: =F14 -> 0 | G36: =G14 -> 0 | H36: =H14 -> 0 | I36: =I14 -> 0 | J36: =J14 -> 1 | K36: =K14 -> 0 | ... M36: =M14 -> 2 | N36: =SUM(D36:M36) -> 3 | O36: =SUMPRODUCT(_xlfn.ANCHORARRAY($D$25),D36:M36)/N36 -> 78.9
D37: =SUM(D27:D36) -> 6 | E37: =SUM(E27:E36) -> 9 | F37: =SUM(F27:F36) -> 27 | G37: =SUM(G27:G36) -> 40 | H37: =SUM(H27:H36) -> 36 | I37: =SUM(I27:I36) -> 45 | J37: =SUM(J27:J36) -> 12 | K37: =SUM(K27:K36) -> 15 | ... M37: =SUM(M27:M36) -> 4 | N37: =SUM(D37:M37) -> 200
A40: Условные средние возрастают => прямая корреляция

Sheet 11
A1: Корреляционная таблица
D3: {=TRANSPOSE('4'!L9:L18)} -> 51.7 | E3: 55.1 | F3: 58.5 | G3: 61.9 | H3: 65.3 | I3: 68.7 | J3: 72.1 | K3: 75.5 | L3: 78.9 | M3: 82.3
A5: ='4'!E9 -> 157.55 | D5: ='10'!D27 -> 2 | E5: ='10'!E27 -> 1 | F5: ='10'!F27 -> 5 | G5: ='10'!G27 -> 1 | H5: ='10'!H27 -> 0 | I5: ='10'!I27 -> 0 | J5: ='10'!J27 -> 0 | K5: ='10'!K27 -> 0 | ... M5: ='10'!M27 -> 0 | N5: =SUM(D5:M5) -> 9 | O5: =SUMPRODUCT(_xlfn.ANCHORARRAY($D$3),D5:M5)/N5 -> 56.988889 | P5: =SUMPRODUCT(_xlfn.ANCHORARRAY($D$3),_xlfn.ANCHORARRAY($D$3),D5:M5)/N5 -> 3258.2944 | Q5: =P5-(O5^2) -> 10.560988 | R5: =(O5-$O$15)^2 -> 72.79692
A6: ='4'!E10 -> 160.65 | D6: ='10'!D28 -> 2 | E6: ='10'!E28 -> 4 | F6: ='10'!F28 -> 2 | G6: ='10'!G28 -> 2 | H6: ='10'!H28 -> 1 | I6: ='10'!I28 -> 0 | J6: ='10'!J28 -> 0 | K6: ='10'!K28 -> 0 | ... M6: ='10'!M28 -> 0 | N6: =SUM(D6:M6) -> 11 | O6: =SUMPRODUCT(_xlfn.ANCHORARRAY($D$3),D6:M6)/N6 -> 57.263636 | P6: =SUMPRODUCT(_xlfn.ANCHORARRAY($D$3),_xlfn.ANCHORARRAY($D$3),D6:M6)/N6 -> 3296.5118 | Q6: =P6-(O6^2) -> 17.387769 | R6: =(O6-$O$15)^2 -> 68.184054
A7: ='4'!E11 -> 163.75 | D7: ='10'!D29 -> 0 | E7: ='10'!E29 -> 2 | F7: ='10'!F29 -> 7 | G7: ='10'!G29 -> 10 | H7: ='10'!H29 -> 6 | I7: ='10'!I29 -> 3 | J7: ='10'!J29 -> 0 | K7: ='10'!K29 -> 0 | ... M7: ='10'!M29 -> 0 | N7: =SUM(D7:M7) -> 28 | O7: =SUMPRODUCT(_xlfn.ANCHORARRAY($D$3),D7:M7)/N7 -> 62.021429 | P7: =SUMPRODUCT(_xlfn.ANCHORARRAY($D$3),_xlfn.ANCHORARRAY($D$3),D7:M7)/N7 -> 3860.2671 | Q7: =P7-(O7^2) -> 13.609541 | R7: =(O7-$O$15)^2 -> 12.247
A8: ='4'!E12 -> 166.85 | D8: ='10'!D30 -> 2 | E8: ='10'!E30 -> 2 | F8: ='10'!F30 -> 6 | G8: ='10'!G30 -> 12 | H8: ='10'!H30 -> 4 | I8: ='10'!I30 -> 6 | J8: ='10'!J30 -> 1 | K8: ='10'!K30 -> 0 | ... M8: ='10'!M30 -> 0 | N8: =SUM(D8:M8) -> 35 | O8: =SUMPRODUCT(_xlfn.ANCHORARRAY($D$3),D8:M8)/N8 -> 63.162857 | P8: =SUMPRODUCT(_xlfn.ANCHORARRAY($D$3),_xlfn.ANCHORARRAY($D$3),D8:M8)/N8 -> 4027.2557 | Q8: =P8-(O8^2) -> 37.709192 | R8: =(O8-$O$15)^2 -> 5.5608377
A9: ='4'!E13 -> 169.95 | D9: ='10'!D31 -> 0 | E9: ='10'!E31 -> 0 | F9: ='10'!F31 -> 5 | G9: ='10'!G31 -> 12 | H9: ='10'!H31 -> 15 | I9: ='10'!I31 -> 15 | J9: ='10'!J31 -> 3 | K9: ='10'!K31 -> 4 | ... M9: ='10'!M31 -> 0 | N9: =SUM(D9:M9) -> 54 | O9: =SUMPRODUCT(_xlfn.ANCHORARRAY($D$3),D9:M9)/N9 -> 65.992593 | P9: =SUMPRODUCT(_xlfn.ANCHORARRAY($D$3),_xlfn.ANCHORARRAY($D$3),D9:M9)/N9 -> 4374.8796 | Q9: =P9-(O9^2) -> 19.857353 | R9: =(O9-$O$15)^2 -> 0.22239957
A10: ='4'!E14 -> 173.05 | D10: ='10'!D32 -> 0 | E10: ='10'!E32 -> 0 | F10: ='10'!F32 -> 0 | G10: ='10'!G32 -> 2 | H10: ='10'!H32 -> 9 | I10: ='10'!I32 -> 16 | J10: ='10'!J32 -> 1 | K10: ='10'!K32 -> 8 | ... M10: ='10'!M32 -> 0 | N10: =SUM(D10:M10) -> 37 | O10: =SUMPRODUCT(_xlfn.ANCHORARRAY($D$3),D10:M10)/N10 -> 69.343243 | P10: =SUMPRODUCT(_xlfn.ANCHORARRAY($D$3),_xlfn.ANCHORARRAY($D$3),D10:M10)/N10 -> 4826.5051 | Q10: =P10-(O10^2) -> 18.019752 | R10: =(O10-$O$15)^2 -> 14.609543
A11: ='4'!E15 -> 176.15 | D11: ='10'!D33 -> 0 | E11: ='10'!E33 -> 0 | F11: ='10'!F33 -> 1 | G11: ='10'!G33 -> 0 | H11: ='10'!H33 -> 0 | I11: ='10'!I33 -> 3 | J11: ='10'!J33 -> 3 | K11: ='10'!K33 -> 1 | ... M11: ='10'!M33 -> 2 | N11: =SUM(D11:M11) -> 12 | O11: =SUMPRODUCT(_xlfn.ANCHORARRAY($D$3),D11:M11)/N11 -> 73.233333 | P11: =SUMPRODUCT(_xlfn.ANCHORARRAY($D$3),_xlfn.ANCHORARRAY($D$3),D11:M11)/N11 -> 5406.15 | Q11: =P11-(O11^2) -> 43.028889 | R11: =(O11-$O$15)^2 -> 59.480085
A12: ='4'!E16 -> 179.25 | D12: ='10'!D34 -> 0 | E12: ='10'!E34 -> 0 | F12: ='10'!F34 -> 1 | G12: ='10'!G34 -> 1 | H12: ='10'!H34 -> 0 | I12: ='10'!I34 -> 2 | J12: ='10'!J34 -> 3 | K12: ='10'!K34 -> 2 | ... M12: ='10'!M34 -> 0 | N12: =SUM(D12:M12) -> 10 | O12: =SUMPRODUCT(_xlfn.ANCHORARRAY($D$3),D12:M12)/N12 -> 70.4 | P12: =SUMPRODUCT(_xlfn.ANCHORARRAY($D$3),_xlfn.ANCHORARRAY($D$3),D12:M12)/N12 -> 4991.418 | Q12: =P12-(O12^2) -> 35.258 | R12: =(O12-$O$15)^2 -> 23.804641
A13: ='4'!E17 -> 182.35 | D13: ='10'!D35 -> 0 | E13: ='10'!E35 -> 0 | F13: ='10'!F35 -> 0 | G13: ='10'!G35 -> 0 | H13: ='10'!H35 -> 1 | I13: ='10'!I35 -> 0 | J13: ='10'!J35 -> 0 | K13: ='10'!K35 -> 0 | ... M13: ='10'!M35 -> 0 | N13: =SUM(D13:M13) -> 1 | O13: =SUMPRODUCT(_xlfn.ANCHORARRAY($D$3),D13:M13)/N13 -> 65.3 | P13: =SUMPRODUCT(_xlfn.ANCHORARRAY($D$3),_xlfn.ANCHORARRAY($D$3),D13:M13)/N13 -> 4264.09 | Q13: =P13-(O13^2) -> 0 | R13: =(O13-$O$15)^2 -> 0.048841
A14: ='4'!E18 -> 185.45 | D14: ='10'!D36 -> 0 | E14: ='10'!E36 -> 0 | F14: ='10'!F36 -> 0 | G14: ='10'!G36 -> 0 | H14: ='10'!H36 -> 0 | I14: ='10'!I36 -> 0 | J14: ='10'!J36 -> 1 | K14: ='10'!K36 -> 0 | ... M14: ='10'!M36 -> 2 | N14: =SUM(D14:M14) -> 3 | O14: =SUMPRODUCT(_xlfn.ANCHORARRAY($D$3),D14:M14)/N14 -> 78.9 | P14: =SUMPRODUCT(_xlfn.ANCHORARRAY($D$3),_xlfn.ANCHORARRAY($D$3),D14:M14)/N14 -> 6248.33 | Q14: =P14-(O14^2) -> 23.12 | R14: =(O14-$O$15)^2 -> 178.99764
D15: =SUM(D5:D14) -> 6 | E15: =SUM(E5:E14) -> 9 | F15: =SUM(F5:F14) -> 27 | G15: =SUM(G5:G14) -> 40 | H15: =SUM(H5:H14) -> 36 | I15: =SUM(I5:I14) -> 45 | J15: =SUM(J5:J14) -> 12 | K15: =SUM(K5:K14) -> 15 | ... M15: =SUM(M5:M14) -> 4 | N15: =SUM(D15:M15) -> 200 | O15: =SUMPRODUCT(N5:N14,O5:O14)/N15 -> 65.521 | Q15: =SUMPRODUCT(N5:N14,Q5:Q14)/N15 -> 23.322589
A19: =SUMPRODUCT(N5:N14,Q5:Q14)/N15 -> 23.322589 | B19: =SUMPRODUCT(N5:N14,R5:R14)/N15 -> 19.92077 | C19: =SUM(A19+B19) -> 43.243359 | D19: ='4'!K22 -> 43.243359
A22: Теорема о разложении дисперсии выполняется: выборочная дисперсия равна сумме межгрупповой и внутригрупповой дисперсии

Sheet 12
A1: Дано или вычислено
B2: 10 | D2: =(B4-B2)/(B2-1)*'11'!B19/'11'!A19 -> 18.031858 | E2: =_xlfn.F.INV.RT(B3,B2-1,B4-B2) -> 1.9294248
A3: 𝛾 | B3: 0.05
A4: 𝑛 | B4: 200
B7: , поэтому гипотеза о независимости отклоняется (есть корреляция между ростом и весом)

Sheet 13
A1: Выборочные не исправленные среднеквадратичные отклонения
A2: =SQRT('4'!D22) -> 5.5605912 | B2: =SQRT('4'!K22) -> 6.5759683
A5: Корреляционная таблица
D7: {=TRANSPOSE('4'!L9:L18)} -> 51.7 | E7: 55.1 | F7: 58.5 | G7: 61.9 | H7: 65.3 | I7: 68.7 | J7: 72.1 | K7: 75.5 | L7: 78.9 | M7: 82.3
A9: ='4'!E9 -> 157.55 | D9: ='10'!D5 -> 2 | E9: ='10'!E5 -> 1 | F9: ='10'!F5 -> 5 | G9: ='10'!G5 -> 1 | H9: ='10'!H5 -> 0 | I9: ='10'!I5 -> 0 | J9: ='10'!J5 -> 0 | K9: ='10'!K5 -> 0 | ... M9: ='10'!M5 -> 0 | N9: =SUM(D9:M9) -> 9 | O9: =SUMPRODUCT(_xlfn.ANCHORARRAY($D$7),D9:M9) -> 512.9
A10: ='4'!E10 -> 160.65 | D10: ='10'!D6 -> 2 | E10: ='10'!E6 -> 4 | F10: ='10'!F6 -> 2 | G10: ='10'!G6 -> 2 | H10: ='10'!H6 -> 1 | I10: ='10'!I6 -> 0 | J10: ='10'!J6 -> 0 | K10: ='10'!K6 -> 0 | ... M10: ='10'!M6 -> 0 | N10: =SUM(D10:M10) -> 11 | O10: =SUMPRODUCT(_xlfn.ANCHORARRAY($D$7),D10:M10) -> 629.9
A11: ='4'!E11 -> 163.75 | D11: ='10'!D7 -> 0 | E11: ='10'!E7 -> 2 | F11: ='10'!F7 -> 7 | G11: ='10'!G7 -> 10 | H11: ='10'!H7 -> 6 | I11: ='10'!I7 -> 3 | J11: ='10'!J7 -> 0 | K11: ='10'!K7 -> 0 | ... M11: ='10'!M7 -> 0 | N11: =SUM(D11:M11) -> 28 | O11: =SUMPRODUCT(_xlfn.ANCHORARRAY($D$7),D11:M11) -> 1736.6
A12: ='4'!E12 -> 166.85 | D12: ='10'!D8 -> 2 | E12: ='10'!E8 -> 2 | F12: ='10'!F8 -> 6 | G12: ='10'!G8 -> 12 | H12: ='10'!H8 -> 4 | I12: ='10'!I8 -> 6 | J12: ='10'!J8 -> 1 | K12: ='10'!K8 -> 0 | ... M12: ='10'!M8 -> 0 | N12: =SUM(D12:M12) -> 35 | O12: =SUMPRODUCT(_xlfn.ANCHORARRAY($D$7),D12:M12) -> 2210.7
A13: ='4'!E13 -> 169.95 | D13: ='10'!D9 -> 0 | E13: ='10'!E9 -> 0 | F13: ='10'!F9 -> 5 | G13: ='10'!G9 -> 12 | H13: ='10'!H9 -> 15 | I13: ='10'!I9 -> 15 | J13: ='10'!J9 -> 3 | K13: ='10'!K9 -> 4 | ... M13: ='10'!M9 -> 0 | N13: =SUM(D13:M13) -> 54 | O13: =SUMPRODUCT(_xlfn.ANCHORARRAY($D$7),D13:M13) -> 3563.6
A14: ='4'!E14 -> 173.05 | D14: ='10'!D10 -> 0 | E14: ='10'!E10 -> 0 | F14: ='10'!F10 -> 0 | G14: ='10'!G10 -> 2 | H14: ='10'!H10 -> 9 | I14: ='10'!I10 -> 16 | J14: ='10'!J10 -> 1 | K14: ='10'!K10 -> 8 | ... M14: ='10'!M10 -> 0 | N14: =SUM(D14:M14) -> 37 | O14: =SUMPRODUCT(_xlfn.ANCHORARRAY($D$7),D14:M14) -> 2565.7
A15: ='4'!E15 -> 176.15 | D15: ='10'!D11 -> 0 | E15: ='10'!E11 -> 0 | F15: ='10'!F11 -> 1 | G15: ='10'!G11 -> 0 | H15: ='10'!H11 -> 0 | I15: ='10'!I11 -> 3 | J15: ='10'!J11 -> 3 | K15: ='10'!K11 -> 1 | ... M15: ='10'!M11 -> 2 | N15: =SUM(D15:M15) -> 12 | O15: =SUMPRODUCT(_xlfn.ANCHORARRAY($D$7),D15:M15) -> 878.8
A16: ='4'!E16 -> 179.25 | D16: ='10'!D12 -> 0 | E16: ='10'!E12 -> 0 | F16: ='10'!F12 -> 1 | G16: ='10'!G12 -> 1 | H16: ='10'!H12 -> 0 | I16: ='10'!I12 -> 2 | J16: ='10'!J12 -> 3 | K16: ='10'!K12 -> 2 | ... M16: ='10'!M12 -> 0 | N16: =SUM(D16:M16) -> 10 | O16: =SUMPRODUCT(_xlfn.ANCHORARRAY($D$7),D16:M16) -> 704
A17: ='4'!E17 -> 182.35 | D17: ='10'!D13 -> 0 | E17: ='10'!E13 -> 0 | F17: ='10'!F13 -> 0 | G17: ='10'!G13 -> 0 | H17: ='10'!H13 -> 1 | I17: ='10'!I13 -> 0 | J17: ='10'!J13 -> 0 | K17: ='10'!K13 -> 0 | ... M17: ='10'!M13 -> 0 | N17: =SUM(D17:M17) -> 1 | O17: =SUMPRODUCT(_xlfn.ANCHORARRAY($D$7),D17:M17) -> 65.3
A18: ='4'!E18 -> 185.45 | D18: ='10'!D14 -> 0 | E18: ='10'!E14 -> 0 | F18: ='10'!F14 -> 0 | G18: ='10'!G14 -> 0 | H18: ='10'!H14 -> 0 | I18: ='10'!I14 -> 0 | J18: ='10'!J14 -> 1 | K18: ='10'!K14 -> 0 | ... M18: ='10'!M14 -> 2 | N18: =SUM(D18:M18) -> 3 | O18: =SUMPRODUCT(_xlfn.ANCHORARRAY($D$7),D18:M18) -> 236.7
D19: =SUM(D9:D18) -> 6 | E19: =SUM(E9:E18) -> 9 | F19: =SUM(F9:F18) -> 27 | G19: =SUM(G9:G18) -> 40 | H19: =SUM(H9:H18) -> 36 | I19: =SUM(I9:I18) -> 45 | J19: =SUM(J9:J18) -> 12 | K19: =SUM(K9:K18) -> 15 | ... M19: =SUM(M9:M18) -> 4 | N19: =SUM(D19:M19) -> 200 | O19: =SUMPRODUCT(O9:O18,A9:A18)/N19 -> 11108.243
C20: =(O19-'4'!D21*'4'!K21)/(A2*B2) -> 0.64890879
A23: По шкале Чеддока - заметная прямая корреляция веса от роста
A27: Уравнение регрессии
B28: =(O19-'4'!D21*'4'!K21)/'4'!D22 -> 0.76740106
B29: ='4'!K21-B28*'4'!D21 -> -64.304074
B30: 0,767x - 64,3

Sheet 14
A1: x | B1: y
A2: ='1'!D2 -> 156 | B2: ='1'!E2 -> 50
A3: ='4'!D21 -> 169.175 | B3: ='4'!K21 -> 65.521
A4: ='1'!D201 -> 187 | B4: ='1'!E201 -> 84
A10: {='10'!A27:A36} -> 157.55 | B10: ='10'!O27 -> 56.988889
A11: 160.65 | B11: ='10'!O28 -> 57.263636
A12: 163.75 | B12: ='10'!O29 -> 62.021429
A13: 166.85 | B13: ='10'!O30 -> 63.162857
A14: 169.95 | B14: ='10'!O31 -> 65.992593
A15: 173.05 | B15: ='10'!O32 -> 69.343243
A16: 176.15 | B16: ='10'!O33 -> 73.233333
A17: 179.25 | B17: ='10'!O34 -> 70.4
A18: 182.35 | B18: ='10'!O35 -> 65.3
A19: 185.45 | B19: ='10'!O36 -> 78.9

Sheet 15
A1: Выборочное корреляционное соотношение | B1: Коеффицент корреляции
A3: =SQRT('11'!B19/'11'!D19) -> 0.67872423 | B3: ='13'!C20 -> 0.64890879
A6: Выборочное корреляционное соотношение не намного больше коэфициента корреляции, следовательно выбрана правильная модель линейной регрессии

Sheet 16
A1: ЛИНЕЙН
A2: {=LINEST('1'!C2:C201,'1'!B2:B201,1,1)} -> 0.7701204 | B2: -64.869833
A3: 0.062911701 | B3: 10.655705
A4: 0.43078781 | B4: 4.9275386
A5: 149.84919 | B5: 198
A6: 3638.4338 | B6: 4807.5662
A9: a | B9: b
A10: =B2 -> -64.869833 | B10: =A2 -> 0.7701204 | C10: =B3 -> 10.655705 | D10: =A3 -> 0.062911701 | E10: =A4 -> 0.43078781 | F10: =B4 -> 4.9275386 | G10: =A5 -> 149.84919 | H10: =A6/200 -> 18.192169 | I10: =B6/200 -> 24.037831
A12: Уравнение регрессии
A16: Стандарная ошибка прогноза и доверительный интервал
B17: прогноз (y)
A18: 180 | B18: =B10*A18+A10 -> 73.75184 | C18: =F10*(SQRT(1+1/200+(A18-'4'!D21)^2/(200*'4'!D22))) -> 4.9861941 | D18: =_xlfn.T.INV.2T(0.05,B5) -> 1.9720175 | E18: =B18-C18*D18 -> 63.918978 | F18: =B18+C18*D18 -> 83.584702
A21: Доверительные интервалы коэффициентов линейной регрессии
A23: =A10-D18*C10 -> -85.88307 | B23: =A10+D18*C10 -> -43.856595 | C23: =B10-D18*D10 -> 0.64605743 | D23: =B10+D18*D10 -> 0.89418338
A27: =_xlfn.F.INV.RT(0.05,1,B5) -> 3.8888529
B29: поэтому уравнение линейной регрессии статистически значимо.
